{"train_loss":5.169482898712158,"_runtime":192,"_wandb":{"runtime":192},"val_loss":5.128398798232855,"_timestamp":1.7718111964264207e+09,"_step":45}