{"val_loss":4.954107168108918,"_timestamp":1.7718119071225784e+09,"train_loss":4.914173221588134,"_wandb":{"runtime":394},"_runtime":394,"_step":89}